Date,Event Descriptions
2020-03-03,"Governor Cuomo signed into law a $40 million emergency management authorization for New York States novel coronavirus response.   ----> 
The Governor also announced he will amend his Paid Sick Leave budget proposal to specifically protect from termination people who are required to stay home from work because they are being isolated or quarantined as a result of the novel coronavirus.   ----> 
State university nstitutions will bring back students who are in study abroad programs in countries with high prevalence of novel coronavirus and review all study abroad programs ahead of potential expanded travel restrictions by the federal government.   "
2020-03-07,Governor Cuomo declared a disaster emergency in the state.   
2020-03-10,Governor Cuomo deployed National Guard troops to a Health Department command post in New Rochelle to assist with the outbreak  an area with 108 confirmed cases at the time of mobilization.   
2020-03-11,"Governor Cuomo announced thatNew York will contract with 28 private labs to increase COVID-19 testing capacity. Additionally, he announced that the state will provide two weeks paid leave for workers who are quarantined as well as $200,000 to local food banks in New Rochelle for families who rely on free school lunches.   "
2020-03-12,Governor Cuomo announced that gatherings larger than 500 people should be cancelled or postponed.   
2020-03-15,"The Governor announced that all NYC, Westchester, Suffolk, and Nassau Public Schools are closed for two weeks beginning on March 16.   ----> 
The Governor sent a letter to President Trump calling for comprehensive federal action to combat COVID-19, including a national strategy for testing, school closures, and hospital surge capacity.   "
2020-03-16,"The Governor issued an executive order which: Increases hospital capacity in the state; Directs all nonessential state workers to work from home; Opens drive-through mobile testing facilities in State Island and Rockland County; and Waives all park fees in state, local, and county parks.NYC public schools close NYC public schools close----> 
The Governor issued an executive order delaying village elections until the April 28 primary election.NYC public schools close NYC public schools close----> 
The Governor issued an executive order directing all New York schools to close from March 19  April 1.NYC public schools close NYC public schools close----> 
The Governors of Connecticut, New York and New Jersey announced a regional approach to combatting the novel coronavirus throughout the tri-state area.NYC public schools close NYC public schools close"
2020-03-17,The Governor and State Attorney General announced that the state will temporarily halt the collection of medical and student debt for at least a 30-day period.NYC bars and restaurants close except for delivery NYC bars and restaurants close except for delivery
2020-03-18,"The Governors of Connecticut, New York and New Jersey announced that the Governor of Pennsylvania is joining their coalition to implement a regional approach to combatting COVID-19. The Governors expanded their previous orders to include: Limiting crowd capacity for social and recreational gatherings to 50 people; Closing restaurants and bars for on premise service and move to take-out and delivery services only; and Temporary closing of movie theaters, gyms, and casinos.   ----> 
The Governor announced the United States Navy Ship Comfort, a 1000-bed hospital ship, will be deployed to New York harbor.   ----> 
 The Governor directed all non-essential businesses to implement work from home policies, with exceptions for specific essential services determined by the state.   "
2020-03-19,"New York waived the one-week waiting requirment for accessing Unemployment Insurance.   ----> 
The Governor created an online portal for retired health care professionals to sign up to enlist as reserve medical staff.   ----> 
The Governor signed an executive order requiring in-office personnel to decrease in-office workforce by 75 percent, with exceptions for essential businesses.   ----> 
The Governor announced the Department of Financial Services issued a new directive providing 90-day mortgage relief for all New Yorkers.   "
2020-03-20,"The Governor, together with Governor Murphy, Governor Lamont, and Governor Wolf directed the temporary closure of barber shops, nail and hair salons, and related personal care services.   ----> 
The Governor issued guidance on essential services under the New York State on PAUSE executive order, a ten-point policy to assured uniform safety for everyone signed on Friday, March 20.   "
2020-03-21,The Governor issued Executive Order 202.9 which continues the temporary suspension and modification of laws relating to the disaster emergency.   
2020-03-22,"The Governor unveiled a suite of strategies aimed at equipping the state prepare for a medical surge, including: Leveraging the Army Corps of Engineers to repurpose four temporary hospital sites in New York State; Implementing drugs trials and acquiring hydroxychloroquine, Zithromax, and chloroquine as treatment candidates; Announcing that all hospitals will be required to develop plans to expand capacity with hospitals; and, Suspending all elective, non-critical surgeries to help expand hospital capacity.All NYC non essential workers must stay at home All NYC non essential workers must stay at home"
2020-03-25,The Governor issued a statement on the third supplemental package that passed the Senate on March 26.   
2020-03-27,The Governor issued Executive Order 202.11 continuing the temporary suspension and modification of laws relating to the disaster emergency.   
2020-03-28,"The Governor made several announcements detailing recent actions the state has taken to increase testing and health system capacity: The State Department of Health Wadsworth Lab is working in partnership with other labs to evaluate antibody testing;The first 1,000-bed temporary hospital at the Jacob K. Javits Convention Center is expected to open March 30, one week after construction started;Three additional sites  South Beach Psychiatric Center, Westchester Square, and Health Alliance will add 695 more emergency beds; and,The Empire State Development Board of Directors approved $7.5 million in business counseling support to 70 non-profit partners across the state.   ----> 
The Governor issued Executive Order 202.12 moving the presidential primary from April 28 to June 23 and enabling the tax filing deadline for personal and corporate taxes to be pushed back to July 15   "
2020-03-29,"The Governor announced a mobile testing site in Northeast Bronx, which will prioritize individuals that are among the highest risk population. There will be no walk-ins allowed and all patients must be in a vehicle.   "
2020-03-30,"The Governor issued Executive Order 202.13 continuing the temporary suspension and modification of laws such as extending the grace period for the payment of premiums and fees to 90 days for any life insurance holder, allowing schools to pay for child care services, and postponing all elections until at least June 1, among other things.   ----> 
The Governor announced a public-private partnership whereby the Department of Health will work with the statewide healthcare system to create a command center to share information between hospitals about the supplies each hospital has in stock and the supplies each hospital is ordering.   ----> 
The New York Department of Labor published an unemployment insurance flow chart to clearly outline how different eligible individuals can access unemployment compensation and what levels of compensation are available.   ----> 
The Governor publicly asked that healthcare workers from communities across the U.S. that are not facing a crisis come to New York to help alleviate the strain on their healthcare system.   "
2020-03-31,"The Governor announced the formation of the Central Coordinating Team (the Team), a hospital network tasked with facilitating a coordinated and strategic approach to implement the statewide public-private partnership announced by the Governor on March 30. Specifically, the Team will: Organize upstate and downstate staffing Assist Elmhurst hospital and other stressed hospitals; Establish patient thresholds for hospitals; Organize patient transfers to other hospitals and the USNS Comfort; Coordinate State-City stockpiles and individual hospital stockpiles; and, Facilitate staffing recruitment.   "
2020-04-01,"The Governor announced that New York-based Regeneron Pharmaceuticals is manufacturing 500,000 test kits for the state at no charge. Additional private sector donations include: Regeneron is donating 25,000 kits per day; Apple donated 1.9 million masks; and Corning donated 100,000 tubes and provided an additional 500,000 tubes to the state at reduced cost and expedited delivery.   ----> 
The Governor announced that New York City playgrounds will close to address the lack of compliance to social distancing protocols.   ----> 
The Governor announced the launch of a PSA that provide information on how to apply for unemployment benefits and reassures New Yorkers if their unemployment filing is delayed, they will still receive full unemployment benefits.   "
2020-04-02,"The Governor announced several updates related to the states ongoing response: The state Department of Health approved Northwells protocol allowing BiPAP machines to be converted into ventilators; The state is conducting a hospital-by-hospital survey on a nightly basis to take inventory of every states medical materials; 21,000 out-of-state individuals have volunteered to work in New Yorks hospital system on a temporary basis as part of the states surge healthcare workforce; and, Consumers and businesses experiencing financial hardship due to the pandemic may defer paying premiums under individual and small group health insurance policies.   ----> 
The Governor announced and the President approved allowing the state-owned Javits Center, a 2-500 emergency medical facility being operated by the U.S. Army, to accept COVID positive patients.   "
2020-04-03,"The Governor launched a website that will provide New York States comprehensive coronavirus testing data to the public, which will be updated daily with the latest data.   ----> 
The Governor announced an executive order allowing the state to redistribute ventilators and personal protective equipment from institutions that dont currently need them and redeploy the equipment to other hospitals with the greatest need.   "
2020-04-05,"The Governor announced the federal government is deploying approximately 1,000 personnel to New York, including doctors, nurses, respiratory technicians and therapists.   "
2020-04-06,"The Governor announced the following response activities the state is undertaking: Extending the NYS on Pause functions through April 29, after which the state will reevaluate if additional social distancing measures are necessary; Allowing the USNS Comfort hospital ship to be used for COVID-19 patients ;Partnering with Headspace to offer free meditation and mindfulness content for all New Yorkers as a mental health resource for residents coping; Announcing that 802 ventilators have been distributed downstate through the Surge and Flex system where all hospital systems are working together as one and sharing supplies, equipment and staff; andCreating the First Responders Fund to assist health care workers and first responders with expenses and costs, including child care.   "
2020-04-07,"The Governor signed an executive order allowing the state to redistribute ventilators and personal protective equipment to hospitals with the highest need, and extended the NYS on Pause functions for an additional two weeks until April 29.The order also allows medical schools that are slated to graduate to begin practicing immediately to assist with the states surge health care force.   ----> 
The Governor announced the state will invest in private companies to bring rapid COVID-19 testing to scale and accelerate testing capacity.   ----> 
The Governor sent a letter to New Yorks Congressional Delegation outlining the states needs in the next federal relief package.   ----> 
The Governor announced an agreement with the largest student loan servicers in New York to secure relief for student loan borrowers, a category of individuals that are not eligible for loan relief under the CARES Act.   "
2020-04-08,"The Governor launched a multi-platform, multi-language education and awareness campaign to emphasize the states core message to stay at home and will expand outreach and awareness to wider audiences, including hard-to-reach communities.   ----> 
The Governor announced several actions as part of the states ongoing response efforts: Partnering with SUNY Albany to increase testing in minority communities and determine why more people in minority and low-income communities have higher rates of infection; Directing the State Department of Labor to make $600 in additionally weekly unemployment benefits available to all New Yorkers; Acquiring 2,400 BiPAP machines through a generous donation by Mercury Medical; and, Partnering with Delta, JetBlue and United to offer free travel to New York for medical workers to serve as part of the states surge healthcare force.   "
2020-04-09,"The Governor issued an executive order continuing the temporary suspension and modification of laws.   ----> 
The Governor appealed to all New Yorkers who have recovered from COVID-19 to contact the state and donate blood plasma, which has antibodies against the virus and could assist with treatment development.   ----> 
The Governor announced five testing facilities downstate in primarily minority communities, bringing the states total number of testing facilities to nine.   ----> 
The Governor announced the New York Loves initiative to coordinate all foundations, philanthropies, non-profits, charities and other entities that want to donate resources to assist local government response efforts.   "
2020-04-10,"The Governor announced the state is ramping up antibody testing through a collaborative effort with Connecticut and New Jersey to create a regional testing partnership.   ----> 
The Governor announced an additional $200 million in emergency food assistance will be available for more than 700,000 low-income households enrolled in the Supplemental Nutrition Assistance Program.   ----> 
The Governor announced new partnerships with the private sector to provide housing for frontline medical workers.   "
2020-04-11,"The Governor joined Maryland Governor Larry Hogan in a bipartisan effort calling for $500 billion in aid to states to offset drastic state revenue shortfalls.   ----> 
The Governor announced a partnership with the New York State Court System to create a pro bono network of volunteer lawyers.   ----> 
The Governor issued a letter calling on the U.S. Treasury to ensure New Yorkers do not have their stimulus payments frozen by banks or seized by creditors, a practice known as garnishment.   "
2020-04-12,"The Governor returned ventilators to the Pathways Nursing Home and Rehabilitation Center in Niskayuna, who donated their machines to assist hardest hit areas in the state.   "
2020-04-13,"The Governor announced the formation of a regional coalition with New Jersey Governor Phil Murphy, Connecticut Governor Ned Lamont, Pennsylvania Governor Tom Wolf, Delaware Governor John Carney, Massachusetts Governor Charlie Baker, and Rhode Island Governor Gina Raimondo to develop a unified regional framework to gradually lift the states stay at home orders while minimizing the risk of increased spread of the virus.   "
2020-04-15,"The Governor announced the state will begin conducting antibody tests using a finger prick method to test up to 2,000 New Yorkers per day, beginning this week with frontline health care workers and other essential workers.NYC Masks required in public areas NYC Masks required in public areas----> 
The Governor announced the state will provide 100 ventilators to Michigan and 50 ventilators to Maryland.NYC Masks required in public areas NYC Masks required in public areas----> 
The Governor issued an executive order requiring all people in New York to wear a mask or a face covering when in public and in situations where social distancing cannot be maintained, such as on public transportation.NYC Masks required in public areas NYC Masks required in public areas----> 
The Governor announced that the State University of New York andThe City University of New York are using 3D printers to produce critical personal protective equipment, such as face shields, for New Yorks frontline workers.NYC Masks required in public areas NYC Masks required in public areas"
2020-04-16,"The Governor announced all NYS on Pause restrictions and closures will be extended until May 15, after which the states will re-evaluate additional closure periods.   ----> 
The Governor announced the state will provide 100 ventilators to New Jersey, building on previous interstate sharing of medical resources with Michigan and Maryland.   ----> 
The Governor outlined a blueprint to unpause New York, getting people back to work and easing social distancing policies without triggering renewed spread of the virus. The plan lays out four key steps: First  continue control the rate of infection and embracing the do no harm principle; Second  continuing the surge and flex strategy to ensure anyone who needs medical attention gets it, while continuing to share resources amongst states and localities; Third  ramping up a massive testing and contact tracing operation; and, Fourth  phasing into a new normal.   ----> 
The Governor issued an executive order that, among other things, allows health professionals in good standing in any province or territory of Canada to practice in New York without civil or criminal penalty related to lack of licensure.   "
2020-04-17,"The Governor, together with the nations governors, called on Congress to allocate $500 billion in unrestricted to aid to shore up budget shortfalls.   ----> 
The Governor launched an awareness campaign encouraging low-income New Yorkers to claim their Economic Impact Payments under the CARES Act.   ----> 
The Governor issued an executive order directing the Department of Health to establish a single, statewide coordinated testing prioritization process that requires all laboratories in the state (public and private) to complete COVID-19 diagnostic testing in accordance with such process.   "
2020-04-18,"The Governor called for federal coordination of the supply chain to bring testing to scale so states can satisfy the necessary preconditions to begin reopening.   ----> 
The Governor issued an executive order allowing any town or city clerk to officiate a wedding via teleconference.   ----> 
The Governor, together with New Jersey Governor Murphy and Connecticut Governor Lamont, announced that marinas, boatyards and marine manufacturers will be allowed open for personal use as long as strict social distancing and sanitization protocols are followed.   "
2020-04-19,"The Governor expanded the April 18 executive order to allow any authorized officiant to perform marriage ceremonies using online video technology.   ----> 
The Governor announced the state will begin an antibody testing survey that will sample 3,000 individuals to help determine the percentage of the population that is now immune to the virus, allowing more individuals to safely return to work.   ----> 
The Governor announced the state is ready to transport 400 ventilators to Massachusetts within 24 hours if necessary.   ----> 
The Governor, along with the governors of Connecticut, New Jersey, Massachusetts, Rhode Island, Pennsylvania and Delaware, announced their appointees that will serve on the multi-state, regional council to restore the economy and get people back to work.The appointees include a health expert, an economic development expert and the respective chief of staff from each state.   "
2020-04-20,"The Governor announced the State University of New York will distribute more than 8,000 laptops and Chromebooks to students in need who are currently completing their spring semester coursework online.   ----> 
The Secretary to the Governor, Melissa DeRosa, and the New York State Council on Women and Girls created a COVID-19 maternity task force to examine the best approach to authorizing and certifying additional birthing centers to provide mothers a safe alternative for low-risk pregnancies. Additionally, the task force will review literature and make recommendations on the impact of COVID-19 on pregnancy.   ----> 
The Governor created the Reimagine NY Task Force, intended to improve systems in downstate New York once the state is no longer on pause.   ----> 
The Governor launched a partnership with Ready Responders to bring health care services, including diagnostic testing, to residents of public housing in New York City.   ----> 
The Governor announced the state will deliver 500,000 cloth masks and 10,000 gallons of hand sanitizer to public housing communities.   ----> 
The New York State Department of Labor launched a one-stop-shop for unemployment benefits that will connect New Yorkers with benefits through a streamlined application.   "
2020-04-21,"The Governor announced hospitals will be able to resume elective outpatient treatments on April 28th if the hospital capacity is over 25 percent for the county and if there have been fewer than 10 new hospitalizations of COVID-19 patients in the county over the past 10 days.   ----> 
The Governor announced the state will take a regional approach to reopening and will make decisions on which counties and regions to open and when to open them based on the facts and the data specific to that area.   "
2020-04-22,"The Governor announced a partnership with Vital Strategies to launch a contact tracing program in coordination with the downstate region as well as New Jersey and Connecticut.   ----> 
The Governor announced that the New York State Department of Financial Services will direct insurers to provide cash flow relief to, and ease administrative burdens on, New York State hospitals in response to COVID-19. Relief includes immediate payment of outstanding accounts receivables, suspension of preauthorization requirements for all hospital services, and prohibition of the retrospective review of claims.   "
2020-04-23,"The Governor announced the CARES funding will be used to purchase supplies for statewide childcare providers who remain open, including masks, gloves, diapers, baby wipes, baby formula and food.   ----> 
The Governor announced the state will provide childcare scholarships to essential workers, such as health care providers, firefighters, and grocery store employees.   ----> 
The Governor announced an initiative to ramp up testing in African-American and Latino communities by partnering with churches and places of worship in those communities as a network or possible testing sites.   ----> 
The Governor and Attorney General launched an employment portal to increase staffing through the state and expand training and technical assistance for nursing homes to use the professional staffing portal.   ----> 
The Governor announced a directive requiring nursing homes to immediately report to the Department of Health (DOH) the actions they have taken to comply with all DOH and CDC laws, regulations, directives and guidance. Facilities could be fined $10,000 per violation or potentially lose their operating license.   ----> 
The Governor announced that the New York Department of Health is partnering with the state Attorney General to investigate nursing homes who violate Executive Orders requiring these facilities to communicate COVID-19 test results and deaths to residents families.   ----> 
The Governor announced preliminary phase one results of the states antibody testing, which found that 13.9 percent of the population have COVID-19 antibodies and are immune to the virus.   "
2020-04-24,The Governor issued an executive order that directs the New York State Board of Elections to automatically mail every New Yorker a postage-paid application for an absentee ballot.   
2020-04-25,"The Governor announced the state expanded its testing criteria to include all first responders, health care workers and essential employees to be tested even if they arent symptomatic.   "
2020-04-26,"The Governor outlined a phased plan to reopen the state and re-imagine a new normal for the state starting with construction and manufacturing. Based on CDC recommendations, once a region experiences a 14-day decline in the hospitalization rate they may begin a phased re-opening.   "
2020-04-27," FuzeHub, the statewide center for the New York Manufacturing Extension Partnership (NY MEP), announced the winners of its COVID-19 Manufacturing Grants initiative, a competitive grant program to accelerate production of ventilators and N95 respirators in New York State. FuzeHub awarded a total of $300,000 in grant funding to four New York manufacturers.   ----> 
The Governor announced that two million bottles of NYS Clean hand sanitizer have been distributed across all counties in the state.   ----> 
The Governor announced the launch of Nourish New York initiative, which is intended to purchase food and products from Upstate farms and direct it to food banks across the state.   ----> 
The Governor announced the state is opening five drive-through testing facilities in Monroe, Erie, Broome, Niagara and Oneida counties.   ----> 
The Governor announced the results of phase two of the states antibody testing survey, which found 14.9 percent of the population have COVID-19 antibodies.   ----> 
The Governor announced the state is providing $25 million from the states special public health emergency fund for food banks and providers most impacted by the pandemic.   "
2020-04-28,"The Governor outlined additional guidelines for the phased plan to re-open New York on a regional basis.   ----> 
The Governor announced the creation of the New York Forward Re-Opening Advisory Board to help guide the states re-opening strategy.   "
2020-04-29,"The Secretary to the Governor issued a report to the Governor outlining the COVID-19 Maternity Task Forces initial recommendations, which were accepted in full.The recommendations include:Implementing measures to diversify birthing site options and support patient choice;Extending the period of time a healthy support person can accompany a mother post-delivery;Mandating testing of all pregnant New Yorkers;Ensuring equity in birthing options;Creating an educational campaign; and, Reviewing the impact of COVID-19 on pregnancy and newborns with a special emphasis on reducing racial disparities in maternal mortality.   ----> 
The Governor announced 35 counties were approved to resume elective outpatient treatments.   ----> 
The Governor announced results of the states FDNY and NYPD antibody testing survey, which found 17.1 percent of FDNY officers and EMTs have antibodies and 10.5 percent of NYPD officers have antibodies.   ----> 
The Governor announced the state is partnering with BioReference to provide antibody tests to first responders and other essential workers from the MTA, State Police, DOCCS and others.   "
2020-04-30,"The Governor announced the states contact tracing pilot program will begin in the coming weeks, which will include a baseline of 30 contact tracers for every 100,000 individuals and will utilize additional tracers based on the projected number of cases in each region.NYC Subways close from 1am - 5am NYC Subways close from 1am - 5am"
2020-05-01,The Governor issued an executive order delaying school board elections and budget votes statewide until June 9.   
2020-05-04,"The Governor outlined additional guidelines for when regions can re-open.The state will monitor four core factors to determine if a region can re-open: New Infections: Based on guidelines from the CDC, regions must have at least 14 days of decline in total net hospitalizations and deaths on a 3-day rolling average; Health Care Capacity: Every region must have the health care capacity to handle a potential surge in cases; Diagnostic Testing Capacity: Each region must have the capacity to conduct 30 diagnostic tests for every 1,000 residents per month; and, Contact Tracing Capacity: Regions must have a baseline of 30 contact tracers for every 100,000 residents, and additional tracers based on the projected number of cases in the region.   ----> 
The Governor announced New Yorks National Guard has made nearly 300,000 testing kits to collect samples, 60,000 of which are being sent to labs and hospitals across New York State.   ----> 
The Governor announced the special enrollment period through the NY State of Health Health Plan Marketplace will remain open through June 15.   "
2020-05-05,"The Governor announced a partnership with the Bill &amp; Melinda Gates Foundation to develop a blueprint to reimagine education in the new normal.   ----> 
The Governor extended an executive order allowing out-of-state health care professionals to practice in New York State.   "
2020-05-06,"The Governor outlined the results of hospitalization data that was collected from hospitals in a targeted effort to further reduce the number of new hospitalizations per day. The state found that a majority of individuals were:Not working or traveling; Predominately located downstate; Predominately minorities and older individuals; Predominately non-essential employees; and Predominately at home.   ----> 
The Governor announced that JetBlue is donating 100,000 pairs of round-trip flights for medical personnel and nurses to honor their efforts, beginning with 10,000 pairs of tickets for New York medical professionals.   ----> 
The Governor announced that Schmidt Futures will help integrate New York State practices and systems to improve telehealth and broadband access.   "
2020-05-07,"The Centers for Medicare and Medicaid Services (CMS) approved New Yorks second request for a Medicaid 1135 waiver.The waiver allows New York to waive consent requirements for Home and Community-Based Services(HCBS) and to allow for HCBS in additional settings.   ----> 
The Governor announced the states $25 million Nourish New York Initiative has purchased food and products from more than 2,100 New York farms and provided support to nearly 50 food banks, soup kitchens, and food pantries.   ----> 
The Governor announced the states moratorium on COVID-related residential or commercial evictions will be extended for an additional 60 days until August 20.   "
2020-05-08,"The Governor announced the state will extend the window for victims to file otherwise time-barred cases under the Child Victims Act for an additional five months until January 14, 2021.   ----> 
The Governor announced the composition of New Yorks Reimagine Education Advisory Council. This Council will help districts reimagine schools as they prepare to reopen.   ----> 
The Governor announced the State Department of Health is investigating several cases of severe illness in children and child deaths that may be related to COVID-19; additionally, the State Department of Health issued an advisory about this serious inflammatory disease to inform providers of the condition, as well as to provide guidance for testing and reporting.   "
2020-05-09,"The Governor launched an initiative to expand access to testing in low-income communities of color.   ----> 
The governor announced preliminary results of the states antibody testing survey of more than 1,300 transit workers in the New York City region which show 14. 2 percent have antibodies, compared to 19.9 percent of the general population in New York City.   ----> 
The Governor announced the state is helping the Centers for Disease Control and Prevention (CDC) develop the national criteria for identifying and responding to COVID-19 related illness in children.   "
2020-05-10,"The Governor issued an executive order mandating, among other things, that all nursing homes and adult care facilities test all personnel for COVID-19 two times per week and report any positive test results to the State Department of Health by the next day.   ----> 
The Governor announced the Department of Health and Human Services (HHS) is distributing a promising treatment called Remdesivir to treat 2,9000 people at 15 hospitals and will send more doses in the coming weeks to treat 500 more patients, including children, at additional New York Hospitals.   ----> 
The Governor announced the state is notifying 49 other states across the country of emerging cases of COVID-19 related illness in children.   "
2020-05-11,"The Governor announced the Finger Lakes, Southern Tier and Mohawk Valley Regions have met all seven-metrics required to begin phase one of the states regional phased reopening plan when the stay at home orders expire on May 15.   ----> 
The Governor announced that certain low-risk businesses and recreational activities will be ready to reopen statewide on May 15, including landscaping and gardening; outdoor, low-risk recreational activities such as tennis; and drive-in movie theaters.   ----> 
The Governor announced the members of the regional control rooms that will monitor regional metrics during the reopening process, such as hospitalization rate, death rate, number of new hospitalizations, hospital bed capacity, ICU bed capacity, testing and contact tracing within its region during reopening and alert the state if the regions metrics no longer meet the reopening guidelines and adjust the reopening plan for that region accordingly.   "
2020-05-12,"The Governor, in a joint statement with Maryland Governor Hogan, called on Congress to focus the next stimulus bill on funding state and local governments, working families, state testing and tracing efforts and a real economic stimulus with no handouts to corporations who do not protect their workers.   "
2020-05-13,"The Governor announced the North Country has met all seven metrics required to begin phase one of the states regional phased reopening plan on May 15.   ----> 
The Governor announced the results of the states antibody testing survey of 2,750 members of the New York State Police show 3.1 percent of the members have COVID-19 antibodies.   ----> 
The Governor announced 12 more counties are now eligible to resume elective surgeries, bringing the total number of eligible counties up to 47.   "
2020-05-14,"The Governor issued an executive order that, among other things, extends the stay at home order through May 28 for regions of the state that havent met the states gating criteria.   ----> 
The Governor announced Central New York has met all seven metrics required to begin phase one of the states regional phased reopening on May 15.   ----> 
The Governor announced an initial $3 million in grants are available to businesses to manufacture emergency medical supplies and equipment.   "
2020-05-15,"The Governor, together with New Jersey Governor Murphy, Connecticut Governor Lamont, and Delaware Governor Carney, announced a multi-state agreement to reopen public and private beaches with certain restrictions in place on May 22.NYC Low risk recreational activities allowed NYC Low risk recreational activities allowed----> 
The Governor announced five regions will begin reopening after successfully meeting all seven-metrics required for reopening.NYC Low risk recreational activities allowed NYC Low risk recreational activities allowed"
2020-05-16,"The Governor announced horse racing tracks across the state and Watkins Glen International Racetrack will be allowed to reopen without fans as of June 1.   ----> 
The Governor announced Westchester and Suffolk Counties are now eligible to resume elective surgeries and ambulatory care.   "
2020-05-18,"The Governor announced that Western New York has met all seven-metrics required to begin reopening, joining the Central New York, North Country, Finger Lakes, Southern Tier and Mohawk Valley Regions.   ----> 
The Governor announced that the State Department of Health granted Erie County Medical Center a waiver to restart elective procedures.   ----> 
The Governor announced new efforts to connect nursing home facilities with labs to increase testing in these facilities.The labs have reserved at least 35,000 tests per day to help meet new guidelines that requires adult care facilities to test all personnel twice a week.   "
2020-05-20,"The Secretary to the Governor announced the creation of a task force to find innovative solutions to the domestic violence crisis.   ----> 
The Governor announced the results of the states antibody testing survey at churches in lower-income communities and communities of color, which show 27 percent of individuals tested positive for COVID-19 antibodies, compared with 19.9 percent of New York Citys overall population.   ----> 
The Governor announced the state will continue its partnership with Ready Responders to expand testing from 8 to 40 public housing developments across New York City.   ----> 
The Governor announced that beginning May 21, religious gatherings of no more than 10 people will be allowed to gather statewide.   "
2020-05-21,"The Governor issued an executive order continuing temporary suspension and modification of laws relating to the disaster emergency.   ----> 
The Governor announced summer school will be conducted through distance learning this year to help reduce the risk of spread. Meal programs and childcare services for essential employees will continue.   "
2020-05-22,"The Governor announced the launch of the $100 million New York Forward Loan Fund to provide flexible and affordable loans to help small businesses, focusing on minority and women owned small businesses that did not receive federal COVID-19 assistance.   "
2020-05-23, NYC Allows gatherings of 10 people with SD
2020-05-26,"The Governor announced the state will fast-track the construction of the new Empire Station at Penn and new LaGuardia Airport while rail ridership and air traffic is down.   ----> 
The Governor announced they will meet with President Trump on May 27 in Washington D.C. to discuss infrastructure projects that need federal approval to help supercharge the economy.   ----> 
The Governor announced the state is continuing to direct resources and focus targeted efforts on reducing the spread in lower-income and predominately minority neighborhoods in New York City.   ----> 
The Governor announced the winners of the Wear a Mask New York Ad Contest  We Heart New York and You Can Still Smile  with both winning videos running as public service announcements.   ----> 
The Governor announced the Mid-Hudson Region has met all seven metrics to begin phase one of reopening.   "
2020-05-28,"The Governor announced the Metropolitan Transit Authority will pilot the use of proven UV light technology to kill COVID-19 in subway cars and crew facilities.   ----> 
The Governor announced the state will distribute 1 million masks to New York Citys hardest-hit neighborhoods.   ----> 
The Governor announced a partnership with Rosie Perez and Chris Rock, who will assist New York with building communication and education on the importance of wearing a mask and social distancing and the availability of testing and healthcare in the state.   ----> 
The Governor issued an executive order authorizing businesses to deny entry to individuals who do not wear masks or face coverings.   "
2020-05-29,"The Governor announced New York City will enter Phase 1 of reopening on June 8 and that five other regions can enter Phase 2 of reopening.   ----> 
The Governor announced the implementation of an early warning dashboard that aggregates the states expansive data collection efforts for New Yorkers, government officials, and experts to monitor and review how the virus is being contained on an ongoing basis.   ----> 
The Governor issued an executive order authorizing business operators and building owners to use their discretion to deny admittance to individuals who fail to comply with the requirement to wear face coverings.   ----> 
The Governor issued an executive order lifting reductions and restrictions on the in-person workforce at non-essential businesses designated as Phase 2 industries in those regions that have been authorized to advance to Phase 2.   "
2020-05-30,"The Governor signed into law S.8427/A.10528, a bill that establishes a COVID-19 death benefit for the families of state and local government employees that have been on the front lines of this public health emergency.   ----> 
The Governor announced the state will open 10 additional testing sites  one for each zip code  in New York City COVID hotspots.   "
2020-05-31,The Governor announced that New York dentists can reopen statewide beginning June 1.   
2020-06-01,The Governor announced Western New York is expected to enter Phase 2 of reopening on June 2 and the Capital Region is expected to enter Phase 2 of reopening on June 3.   
2020-06-02,"The Governor announced Western New York entered phase two of reopening, with the Capital Region on track to enter phase two on June 3.   ----> 
The Governor announced summer camps statewide can open on June 29.   ----> 
The Governor issued an executive order allowing low-risk, outdoor recreational activities and business providing such activities to open in regions that have met the public health and safety metrics required for phase one.   "
2020-06-03,"The Governor announced outdoor dining at restaurants will be permitted in phase two of reopening.   ----> 
The Governor announced Erie County is now eligible to resume elective surgeries and ambulatory care.   "
2020-06-04,The Governor announced the state is expanding COVID-19 testing criteria to include any individual who attended any of the recentprotests across the state.   
2020-06-05,The Governor announced the state has reached the lowest number ofdeaths andhospitalizations since the COVID-19 pandemic began.   
2020-06-06,The Governor signed legislation banning price gouging of personal protective equipment.   
2020-06-07,"The Governor announced outdoor, socially distanced graduations of up to 150 people will be allowed beginning June 26.   ----> 
The Governor signed legislation extending the deadline to submit absentee ballots until the day of the election.   "
2020-06-08,"The Governor announced the MTA is accelerating construction on $2 billion in capital projects during this period of reduced ridership caused by the pandemic.NYC reopening phase 1 NYC reopening phase 1----> 
The Governor announced that as New York City enters phase one of reopening, the city is now eligible to resume elective surgeries and ambulatory care. He also the announced the state is opening 14 new temporary testing sites at churches located in communities particularly impacted by the pandemic.NYC reopening phase 1 NYC reopening phase 1----> 
The Governor signed legislation authorizing local governments to extend the deadline for filing property tax abatements to July 15.NYC reopening phase 1 NYC reopening phase 1"
2020-06-09,"The Governor announced the state has distributed over four million free bottles of NYS Clean hand sanitizer statewide to date.   ----> 
The Governor announced Long Island will proceed to phase two of reopening on June 10.   ----> 
The Governor announced the Mid-Hudson Valley entered phase two of reopening.   ----> 
The Governor unveiled a daily testing results dashboard to complement the early warning dashboard for New Yorkers and local governments to easily track daily test results by region and county as all regions in the state are now reopening.   ----> 
The Governor announced the state has established 11 testing sites in hardest hit communities.   ----> 
The Governor announced the state delivered 500,000 masks, as well as 10,000 gallons and 100,000 2-oz. bottles of hand sanitizer to Metro North.   "
2020-06-11,"The Governor announced that five regions  Central New York, Finger Lakes, Mohawk Valley, North Country and Southern Tier  will enter phase three of reopening on June 12.   ----> 
The Governor announced the state is allowing localities to open public pools and playgrounds at their discretion while following state guidance beginning June 11.   ----> 
The Governor announced he accepted in full the recommendations by the COVID-19 Domestic Violence Task Force to reimagine New Yorks approach to services for domestic violence survivors.   "
2020-06-13,"The Governor signed legislation suspending the forfeiture of unemployment benefits during the COVID-19 state of emergency, aligning with the Executive Order issued by the Governor on May 14.   ----> 
The Governor signed legislation repealing criminalization of wearing a mask in public.   "
2020-06-14,"The Governor reminded bars and restaurants that any violations of reopening rules and guidelines can result in the loss of that establishments liquor license. Additionally, individuals can be fined for open container and social distancing violations.   ----> 
The Governor signed legislation requiring the State Department of Health to conduct a study on the health impacts of COVID-19 on minorities in New York State.   ----> 
The Governor announced low-risk sports for regions in Phase Three of reopening can begin on July 6 with up to two spectators allowed per child.   ----> 
The Governor announced the state is extending the special open enrollment period in the New York State of Health Plan Marketplace through July 15.   "
2020-06-15,"The Governor announced Western New York has been cleared to enter Phase Three on June 16, and the Capital Region is on track to enter Phase Three on June 17.   ----> 
The Governor issued an executive order continuing the declaration of disaster emergency in the counties of Cayuga, Jefferson, Monroe, Niagara, Orleans, Oswego, St. Lawrence, and Wayne.   ----> 
The Governor announced gatherings of up to 25 people will be allowed in Phase Three of reopening, up from the limit of 10.   "
2020-06-16,The Governor directed the State Department of Health to allow midwife-led birthing centers in New York for the first time.   
2020-06-17,"The Governor announced that New York City is on track to enter Phase Two of reopening on June 22.   ----> 
The Governor announced that the Mid-Hudson Valley is on track to enter Phase Three of reopening on June 23 and Long Island is on track to enter Phase Three of reopening on June 24.   ----> 
The Governor signed legislation prohibiting health care employers from penalizing employees for making complaints of employer violations.   ----> 
The Governor announced that the New York State Department of Financial Services has reached an agreement with New York’s credit reporting industry to help residents facing hardship caused by COVID-19 to avoid unjustified negative impacts on credit reports.   "
2020-06-19,The Governor announced New York City is cleared to enter Phase Two of reopening on June 22.   
2020-06-20,"The Governor announced the Yankees and Mets baseball teams will hold spring training in New York this year, while following proper health and safety protocols.   ----> 
The Governor announced the Mid-Hudson region is on track to enter Phase Three on June 23.   "
2020-06-22, NYC reopening phase 2
2020-06-23,"The Governor announced that $65 million in federal CARES Act funding is available for childcare providers statewide through the New York Child Care Expansion Incentive program. The funding available includes: $20 million to assist childcare programs with reopening and expansion of capacity by providing materials to support a more socially distant model, and for supplies and activities associated with reopening and expansion. $45 million in childcare Reopening and Expansion Incentive funds to pay for 50 percent of the cost of a newly opened classroom as an incentive to open the classroom.   "
2020-06-26,"The Governor announced the state will offer to assist states with high infection rates.   ----> 
 The Governor announced the New York Department of Health’s contact tracing program has identified and is investigating two clusters related to COVID-19 in Upstate New York. For each cluster, isolation and quarantine measures are in place for positive cases and known contacts.   "
2020-06-30,"The Governor announced that eight additional states (California, Georgia, Iowa, Idaho, Louisiana, Mississippi, Nevada and Tennessee) meet the metrics to qualify for the travel advisory requiring individuals who have traveled to New York from those states, all of which have significant community spread, to quarantine for 14 days.   ----> 
The Governor directed the State Department of Health to investigate reports of potential COVID-19 exposures associated with a religious service held on June 21 in Ticonderoga, Essex County.   ----> 
The Governor announced the Capital Region has been cleared to enter Phase 4 of reopening on July 1.   "
2020-07-01,"The Governor announced that the reopening of New York City indoor dining, originally part of the city’s expected entry into Phase Three on July 6, will be postponed as states across the country that previously reopened indoor dining are experiencing upticks in COVID-19 cases.   ----> 
The Governor announced the state will expand its testing criteria to all New Yorkers statewide.   ----> 
The Governor announced the state will create an enforcement department to supplement the local enforcement of COVID-19 guidance and restrictions.   "
2020-07-02,"The Governor announced $4.3 million in federal funding is being made available to county emergency management agencies and the City of New York to support COVID-19 planning and operational readiness.   ----> 
The Governor announced state outdoor pools across New York will open for swimming for the July 4 weekend under the standard operating schedule of the New York State Office of Parks, Recreation and Historic Preservation.   "
2020-07-05,"The Governor announced that New York City will enter Phase Three of reopening on July 6, but that indoor dining will remain closed.   "
2020-07-06,"The Governor announced that the New York State Department of Health is finalizing guidance on the possible reopening of schools in September.NYC reopening phase 3 NYC reopening phase 3----> 
The Governor announced that casinos and movie theaters will remain closed as the state government continues for best practices to emerge.NYC reopening phase 3 NYC reopening phase 3----> 
The Governor announced that the New York State Fair will be cancelled this summer.NYC reopening phase 3 NYC reopening phase 3----> 
The Governor announced that New York State will make industry recommendations on the use of air filtration technology to potentially eliminate the spread of COVID-19 through air conditioning systems.NYC reopening phase 3 NYC reopening phase 3"
2020-07-07,"The Governor announced three additional states (Delaware, Kansas, and Oklahoma) meet the metrics to qualify for the travel advisory requiring individuals who have traveled to New York from those states, all of which have significant community spread, to quarantine for 14 days.   ----> 
The Governor announced Long Island will enter Phase 4 of reopening on July 8.   "
2020-07-08,"The Governor announced that New York State will provide 1,000 masks and 1,000 2-ounce bottles of hand sanitizer for the Fire Island COVID Destroyers – a partnership that includes GMHC and Fire Island community leaders – to distribute on Fire Island.   ----> 
The Governor announced that beginning on July 10, malls can open in regions that have entered Phase 4 of reopening if they have implemented an enhanced Heating, Ventilation and Air Conditioning (HVAC) filtration system and follow proper ventilation protocols.   ----> 
The Governor announced that New York State will decide in early August whether schools will reopen in the fall.   ----> 
The Governor announced that all county fairs will be canceled until further notice out of an abundance of caution.   "
2020-07-10,"The Governor announced the state will send Remdesivir - a promising investigational COVID-19 treatment - to Florida to help the state care for 280 COVID-19 patients until the federal shipment arrives.   ----> 
The Governor issued a statement allowing concessions to open with restrictions at state ocean and lakefront beaches beginning July 12.   "
2020-07-12,The Governor announced the state will deploy testing and contact tracing teams to Atlanta as the city continues to experience an increase in the number of cases.   
2020-07-14,"The Governor announced four additional states (Minnesota, New Mexico, Ohio and Wisconsin) meet the metrics to qualify for the travel advisory requiring individuals who have traveled to New York from those states to quarantine for 14 days.   ----> 
The Governor announced an emergency rental assistance program, funded through the Coronavirus Relief Fund, that will help keep low-income families throughout New York stably housed.   "
2020-07-15,"The Governor announced that the Special Enrollment Period for uninsured New Yorkers will be extended for another 30 days, through August 15.   ----> 
The Governor announced that New York State will send PPE and test kits to Atlanta to help with ongoing COVID-19 response efforts.   "
2020-07-16,"The Governor announced that New York State has established two church testing sites in COVID-19 hotspots in Houston, Texas.   ----> 
The Governor announced new regulations for bars and restaurants in New York City, where any establishment that receives three violations will be closed for business.   ----> 
The Governor launched the national “Mask Up America” education and awareness campaign to urge all Americans to wear a mask while in public to help stop the spread of the virus.   "
2020-07-17,"The Governor announced New York City will enter Phase 4 of reopening on July 20.   ----> 
The Governor announced $1.5 million in funding for “Feeding New York State” to support its network of 10 regional food banks, as well as local farms to help provide milk and produce to food insecure New Yorkers.   "
2020-07-19, NYC reopening phase 4
2020-07-28,"The Governor announced the state has suspended liquor licenses for 12 New York City bars after finding violations of pandemic-related executive orders.   ----> 
 The Governor announced that three additional states (Illinois, Kentucky and Minnesota), Puerto Rico and Washington, D.C. meet the metrics to qualify for the travel advisory requiring individuals who have traveled to New York from those areas to quarantine for 14 days.   "
2020-07-29," The Governor announced that New York State will establish a testing site in St. Petersburg, Florida, which will provide up to 500 tests per day.   ----> 
The governor announced that the U.S. Open Championship will be held at Winged Foot Golf Club from September 14 20 without fans.   ----> 
The Governor announced that DMV-licensed driving schools can now conduct distance learning Pre-Licensing Courses.   "
2020-07-30,Governor Cuomo announced more than $30 million to enhance COVID-19 contact tracing and flu prevention in advance of fall flu season   
2020-08-04,Governor Cuomo announced individuals traveling to New York from an additional state will be required to quarantine for 14 days   
2020-08-07,"Governor Cuomo announced that, based on each region’s infection rate, schools across New York State are permitted to open this fall   "
2020-08-11,"Governor Cuomo announced individuals traveling to New York from two additional states, Virgin Islands will be required to quarantine   "
2020-08-14,Governor Cuomo announced bowling alleys can reopen at 50 percent capacity   
2020-08-18,Governor Cuomo announced two additional states added to travel advisory   
2020-08-20,Governor Cuomo signed Executive Order extending moratorium on COVID-related commercial evictions until September 20   
2020-08-27,Governor Cuomo issues guidance for infection rates on college campuses following reports of students at large gatherings   
2020-09-01,Governor Cuomo announced new state guidance for agritourism businesses as fall approaches   
2020-09-02, NYC Gyms Open
2020-09-03,"Governor Cuomo announced malls In New York City allowed to reopen with half capacity next week   ----> 
Governor Cuomo announced casinos allowed to reopen with limited capacity next week   "
2020-09-06,Governor Cuomo and Chancellor Malatras launched COVID-19 case tracker dashboard for SUNY’s 64 colleges and universities   
2020-09-08,"Governor Cuomo launched “The COVID-19 Report Card,” an online dashboard tracking real-time COVID-19 infections and testing operations of every New York school and school district   "
2020-09-09,Governor Cuomo announced indoor dining in New York City allowed to resume beginning September 30 with 25 percent occupancy limitNYC Malls reopen 50% capacity  NYC Malls reopen 50% capacity 
2020-09-10,Governor Cuomo announced $88.6 million in Cares Act funding available to assist child care providers during COVID-19 Pandemic   
2020-09-21,Governor Cuomo announced Executive Order extending moratorium on COVID-related commercial evictions until October 20NYC Pre-K classes start NYC Pre-K classes start
2020-09-22,Governor Cuomo announced five states added to travel advisory   
2020-09-23,Governor Cuomo and Chancellor Malatras announced FDA approval for SUNY’s COVID-19 saliva swab test   
2020-09-24,Governor Cuomo announced Clinical Advisory Task Force and Vaccine Distribution and Implementation Task Force in anticipation of potential federal authorization of COVID-19 vaccine this fall   
2020-09-28,"Governor Cuomo announced moratorium on COVID-related residential evictions will be extended until January 1, 2021   ----> 
Governor Cuomo deployed rapid result testing machines to address recent uptick in cases in cluster zip codes   ----> 
Governor Cuomo signed Executive Order reminding international travelers coming from level 2 &amp; 3 countries to quarantine &amp; fill out travel form   "
2020-09-29, NYC Elementary school classes start
2020-09-30, NYC In person dining 
2020-10-01,Governor Cuomo and Governor Murphy launched exposure notification apps to help stop the spread of COVID-19NYC Middle/highschool classes start NYC Middle/highschool classes start
2020-10-06,"Governor Cuomo announced New Mexico added to travel advisory   ----> 
Governor Andrew M. Cuomo announced a new cluster action initiative to address COVID-19 hot spots that have cropped up in Brooklyn, Queens, and Broome, Orange and Rockland Counties.   "
2020-10-09,Governor Cuomo announced COVID-19 rapid testing to be made available for every county in New York State   
2020-10-13,"Governor Cuomo announced Ohio, Michigan and Virginia added to Travel Advisory   "
2020-10-14,Governor Cuomo announced State will withhold funds for localities and schools in COVID-19 cluster zones that fail to enforce public health law   
2020-10-15,"Governor Cuomo announced State to provide 200,000 rapid test kits to New York City schools in “Yellow Zones”   "
2020-10-17,"Governor Cuomo announced most movie theaters outside of New York City can reopen   ----> 
Governor Cuomo outlined new micro-cluster strategy to tackle COVID-19 hot spots that arise in fall   "
2020-10-18,Governor Cuomo announced ski resorts allowed to reopen with 50 percent indoor capacity   
2020-10-20,"Governor Cuomo announced travel advisory requiring 14-day quarantine   ----> 
Governor Cuomo signed Executive Order extending moratorium on COVID-related commercial evictions through January 1   "
2020-10-26,Governor Cuomo and Mariah Kennedy Cuomo announced New York State to partner with The Realreal to launch “Mask Up” Campaign to benefit COVID-19 relief efforts and build awareness of need to wear masks   
2020-10-27,"Governor Cuomo announced California was added to Travel Advisory requiring 14-day quarantine   ----> 
Governor Cuomo announced MTA to launch voluntary COVID-19 screening program for frontline employees   "
2020-10-28,Governor Cuomo announced Orange County micro-cluster focus area meets metrics to exit “Red Zone”   
2020-10-30,Governor Cuomo released guidelines on testing protocol for schools to reopen in Red or Orange Micro-Cluster Zones   
2020-10-31,Governor Cuomo announced new guidelines allowing out-of-state travelers to “test out” of mandatory 14-day quarantine   
2020-11-01,"Governor Cuomo, AG James, National Urban League’s Morial &amp; NAACP’s Johnson announced that federal COVID Vaccine Plan fails to adequately serve communities of color who were disproportionately impacted by pandemic   "
2020-11-06,Governor Cuomo announced updated COVID-19 Micro-Cluster Focus Zones   
2020-11-11,"Governor Cuomo announced new COVID-19 restrictions on bars, restaurants, gyms and residential gatherings in New York State.   "
2020-11-13, NYC Bars and restaurants close
2020-11-16,Governor Cuomo announced new tool to help New Yorkers access critical benefits amid COVID-19 Pandemic   
2020-11-17,"Governor Cuomo launched free online platform for New Yorkers to learn new job skills, earn certificates &amp; advance their careers   "
2020-11-19, NYC Schools change to remote learning
2020-11-23,Governor Cuomo announced updated COVID-19 micro-cluster focus zones in New York State. Part of Staten Island’s Yellow Precautionary Zone will become an Orange Warning Zone. Orange Warning Zones will also be established in Monroe and Onondaga Counties   
2020-11-26, Thanksgiving
2020-11-30,"Governor Cuomo today announced $6.7 million in federal funding is available from the Marine Fisheries Relief Program established by the Coronavirus Aid, Relief and Economic Security, or CARES, Act to assist New York’s marine fishing industry following extensive economic losses resulting from the COVID-19 pandemic.   ----> 
Governor Cuomo today announced New York’s plan for combating COVID-19 this winter   "
2020-12-07, NYC Elementary school's resume in person learning
2020-12-09,Governor Cuomo Announces Federal Government Has Agreed Not to Collect Undocumented Identification as Part of Federal Vaccination Program   
2020-12-11,"Governor Cuomo today announced new metrics by which micro-cluster focus zones will be determined to help control COVID-19 spread and protect hospital capacity. Additionally, the Governor announced new directives to further grow hospital capacity, as well as updated calibrations to business guidelines based on recent CDC guidance, advice of public health experts, and data from state’s contact tracing program   "
2020-12-14,Governor Cuomo Announces First Dose of COVID-19 Vaccine Administered in United States   
2020-12-15,Governor Cuomo today announced updated COVID-19 micro-cluster focus zones in New York State.   
2020-12-16,"New York State Health Commissioner Howard Zucker today issued a letter to hospital administrators to detail directives issued by the Department of Health with regard to expanding hospital capacity as New York continues to fight COVID-19.   ----> 
Governor Andrew M. Cuomo today updated New Yorkers on the state’s Vaccination Administration Plan and the establishment of Regional Vaccination Hubs to help facilitate vaccinations once Phase 2 of the state’s plan begins in early 2021.   "
2020-12-18,Governor Cuomo announced New York State Clinical Advisory Task Force approved Moderna Vaccine   
2020-12-21,"Governor Cuomo announced British Airways, Virgin Atlantic, and Delta agreed to test all passengers before entering New York State   "
2020-12-23,Governor Cuomo announced new guidance from Department of Financial Services to further grow hospital capacity   
2020-12-24, Christmas eve
2020-12-28,"Governor Cuomo Issues Executive Order Increasing Penalties on Health Care Providers That Intentionally Disregard Vaccine Prioritization Protocols   ----> 
Governor Andrew M. Cuomo today signed the COVID-19 Emergency Eviction and Foreclosure Prevention Act of 2020. The Act (S.9114/A.11181) prevents residential evictions, foreclosure proceedings, credit discrimination and negative credit reporting related to the COVID-19 pandemic.   "
2020-12-29,"Governor Andrew M. Cuomo today announced updated quarantine guidelines for New York which are consistent with the latest Centers for Disease Control guidance. Under the new guidelines, individuals exposed to COVID-19 can end their quarantine after 10 days without a testing requirement as long as no symptoms have been reported during the quarantine period.   "
2020-12-31, New year's eve
2021-01-04,"Governor Cuomo announced that All Public Health and Outpatient/Ambulatory Front-Line, High-Risk Health Care Workers, Home Care and Hospice Workers Providing Direct In-Person Patient Care Are Eligible to Receive First Dose of Vaccine   "
2021-01-11,"Governor Cuomo announced that following successful implementation of the pilot plan to open Bills Stadium to fans last week, Buffalo Bills fans can attend the team’s second home playoff game on Saturday, January 16. Under this continued demonstration, approximately 6,700 fans will be allowed to attend the game only after first obtaining a negative COVID-19 test result and adhering to all public health precautions.   "
2021-01-13,"A court decision temporarily granted a select few restaurants located within an Orange Zone in Erie County the ability to resume indoor dining under the rules governing Yellow Zones. We are reviewing the decision. While that process is ongoing, to ensure uniformity and fairness, all restaurants operating in Orange Zones can now operate under rules governing Yellow Zones. We disagree with the court’s decision and its impact on public health as Federal CDC data clearly demonstrates indoor dining increases COVID-19 spread. From the start of this pandemic, the State has acted based on facts and the advice of public health experts, and we will continue that approach.   ----> 
Governor Cuomo announced the first three state-run vaccination sites are now open and vaccinating eligible New Yorkers against the COVID-19 virus.   "
2021-01-17, MLK day
2021-01-21,"As part of New York’s ongoing response to the COVID-19 pandemic, Governor Andrew M. Cuomo today announced that the Open Enrollment Period for uninsured New Yorkers will be extended through March 31, 2021. New Yorkers can apply for coverage through NY State of Health, New York’s Official Health Plan Marketplace, or directly through insurers.   "
2021-02-01,Governor Cuomo Announces Federal Vaccine Supply to Increase to 20 Percent for the Next Three WeeksBlizzard Blizzard
2021-02-08,"Governor Andrew M. Cuomo today announced that New York City indoor dining can reopen at 25 percent capacity on February 12, Lunar New Year Day. The reopening was previously scheduled for Valentine’s Day, but restaurants requested an earlier reopening date to allow staff to prepare and the request has been granted.   ----> 
Governor Cuomo Announces New Yorkers with Comorbidities and Underlying Conditions Can Make Appointments at State-Run Mass Vaccination Sites Beginning February 14   "
2021-02-10,Governor Cuomo Announces Sports and Entertainment Events in Major Stadiums and Arenas Can Reopen with Limited Spectators Beginning February 23   
2021-02-12,"Governor Cuomo Announces Restaurant and Bar Closing Times to be Extended to 11 P.M. Statewide Beginning Sunday, February 14   "
2021-02-14,"Governor Cuomo Signs Executive Order Extending Restaurants, Bars &amp; Other SLA-Licensed Entities Closing Times to 11 P.M. StatewideValentine's day Valentine's day"
2021-02-15,"Governor Cuomo Announces MTA to Partially Restore Overnight Subway Service. Partial Restoration Would Begin in the Early Morning Hours on Monday, February 22, and Support Gradual Reopening of New York City Nightlife, Cultural Centers and Sports Facilities   "
2021-02-17,"Governor Cuomo Announces Indoor Family Entertainment Centers Can Open March 26, Outdoor Amusement Parks Can Open April 9 &amp; Camps Can Begin to Plan for Summer Opening   "
2021-02-19,"Governor Cuomo Announces Launch of New York Forward Rapid Test Program to Help Businesses and Catered Events Reopen Safely   ----> 
Governor Cuomo Announces Nursing Home Visitations to Resume in Accordance with CMS and CDC Guidelines   ----> 
Governor Cuomo Releases Updated Guidance for Infection Rates and Testing Protocols on College Campuses. Colleges and Universities Testing at Least 25 Percent of Total Students, Faculty and Staff Weekly Will Not Be Required to Go On Pause Unless Positivity Rate Exceeds 5 Percent During Rolling 14-Day Period. Other Colleges Not Testing at Least 25 Percent of Population Weekly Must Go On Pause if They Have 100 Individuals Test Positive During Rolling 14-Day Period   "
2021-02-22,"Governor Cuomo Announces Additional Re-Opening Guidance for Several Industries as New York’s Hospitalization and COVID-19 Infection Rates Continue to Decline. Beginning March 5, Billiard Halls Can Re-Open Statewide; Movie Theaters in New York City to Also Re-Open. Beginning March 15, Weddings and Catered Events Can Resume Statewide. All Re-Openings Subject to Strict Health and Safety Protocols   "
2021-02-26,Governor Cuomo Announces State to Expand Vaccination Network to Include Sites Designed to Serve 65-plus Population   
